STAT_VAR,STAT_PRES,CCYY,M3M,SEX,OBS_VALUE,SD_VALUE
UE,Raw_K_1dp_per_n,1987,,M,29.7,
UE,Raw_K_1dp_per_n,1987,,F,17.6,
UE,Raw_K_1dp_per_n,1987,,,47.4,
UR,Rate_1dp_%_n,1987,,M,1.7,
UR,Rate_1dp_%_n,1987,,F,1.8,
UR,Rate_1dp_%_n,1987,,,1.7,
UE,Raw_K_1dp_per_n,1988,,M,24.0,
UE,Raw_K_1dp_per_n,1988,,F,13.7,
UE,Raw_K_1dp_per_n,1988,,,37.7,
UR,Rate_1dp_%_n,1988,,M,1.4,
UR,Rate_1dp_%_n,1988,,F,1.4,
UR,Rate_1dp_%_n,1988,,,1.4,
UE,Raw_K_1dp_per_n,1989,,M,19.1,
UE,Raw_K_1dp_per_n,1989,,F,10.6,
UE,Raw_K_1dp_per_n,1989,,,29.7,
UR,Rate_1dp_%_n,1989,,M,1.1,
UR,Rate_1dp_%_n,1989,,F,1.1,
UR,Rate_1dp_%_n,1989,,,1.1,
UE,Raw_K_1dp_per_n,1990,,M,23.2,
UE,Raw_K_1dp_per_n,1990,,F,13.3,
UE,Raw_K_1dp_per_n,1990,,,36.6,
UR,Rate_1dp_%_n,1990,,M,1.3,
UR,Rate_1dp_%_n,1990,,F,1.3,
UR,Rate_1dp_%_n,1990,,,1.3,
UE,Raw_K_1dp_per_n,1991,,M,33.8,
UE,Raw_K_1dp_per_n,1991,,F,16.6,
UE,Raw_K_1dp_per_n,1991,,,50.4,
UR,Rate_1dp_%_n,1991,,M,1.9,
UR,Rate_1dp_%_n,1991,,F,1.6,
UR,Rate_1dp_%_n,1991,,,1.8,
UE,Raw_K_1dp_per_n,1992,,M,35.3,
UE,Raw_K_1dp_per_n,1992,,F,19.4,
UE,Raw_K_1dp_per_n,1992,,,54.7,
UR,Rate_1dp_%_n,1992,,M,2.0,
UR,Rate_1dp_%_n,1992,,F,1.9,
UR,Rate_1dp_%_n,1992,,,2.0,
UE,Raw_K_1dp_per_n,1993,,M,35.8,
UE,Raw_K_1dp_per_n,1993,,F,20.6,
UE,Raw_K_1dp_per_n,1993,,,56.3,
UR,Rate_1dp_%_n,1993,,M,2.0,
UR,Rate_1dp_%_n,1993,,F,1.9,
UR,Rate_1dp_%_n,1993,,,2.0,
UE,Raw_K_1dp_per_n,1994,,M,37.7,
UE,Raw_K_1dp_per_n,1994,,F,18.6,
UE,Raw_K_1dp_per_n,1994,,,56.2,
UR,Rate_1dp_%_n,1994,,M,2.1,
UR,Rate_1dp_%_n,1994,,F,1.7,
UR,Rate_1dp_%_n,1994,,,1.9,
UE,Raw_K_1dp_per_n,1995,,M,62.3,
UE,Raw_K_1dp_per_n,1995,,F,33.3,
UE,Raw_K_1dp_per_n,1995,,,95.6,
UR,Rate_1dp_%_n,1995,,M,3.4,
UR,Rate_1dp_%_n,1995,,F,2.9,
UR,Rate_1dp_%_n,1995,,,3.2,
UE,Raw_K_1dp_per_n,1996,,M,58.7,
UE,Raw_K_1dp_per_n,1996,,F,28.7,
UE,Raw_K_1dp_per_n,1996,,,87.4,
UR,Rate_1dp_%_n,1996,,M,3.1,
UR,Rate_1dp_%_n,1996,,F,2.3,
UR,Rate_1dp_%_n,1996,,,2.8,
UE,Raw_K_1dp_per_n,1997,,M,45.2,
UE,Raw_K_1dp_per_n,1997,,F,26.0,
UE,Raw_K_1dp_per_n,1997,,,71.2,
UR,Rate_1dp_%_n,1997,,M,2.3,
UR,Rate_1dp_%_n,1997,,F,2.0,
UR,Rate_1dp_%_n,1997,,,2.2,
UE,Raw_K_1dp_per_n,1998,,M,101.2,
UE,Raw_K_1dp_per_n,1998,,F,52.9,
UE,Raw_K_1dp_per_n,1998,,,154.1,
UR,Rate_1dp_%_n,1998,,M,5.2,
UR,Rate_1dp_%_n,1998,,F,4.0,
UR,Rate_1dp_%_n,1998,,,4.7,
UE,Raw_K_1dp_per_n,1999,,M,140.6,
UE,Raw_K_1dp_per_n,1999,,F,66.9,
UE,Raw_K_1dp_per_n,1999,,,207.5,
UR,Rate_1dp_%_n,1999,,M,7.2,
UR,Rate_1dp_%_n,1999,,F,4.9,
UR,Rate_1dp_%_n,1999,,,6.2,
UE,Raw_K_1dp_per_n,2000,,M,109.6,
UE,Raw_K_1dp_per_n,2000,,F,57.3,
UE,Raw_K_1dp_per_n,2000,,,166.9,
UR,Rate_1dp_%_n,2000,,M,5.6,
UR,Rate_1dp_%_n,2000,,F,4.1,
UR,Rate_1dp_%_n,2000,,,4.9,
UE,Raw_K_1dp_per_n,2001,,M,117.8,
UE,Raw_K_1dp_per_n,2001,,F,56.5,
UE,Raw_K_1dp_per_n,2001,,,174.3,
UR,Rate_1dp_%_n,2001,,M,6.0,
UR,Rate_1dp_%_n,2001,,F,3.9,
UR,Rate_1dp_%_n,2001,,,5.1,
UE,Raw_K_1dp_per_n,2002,,M,164.0,
UE,Raw_K_1dp_per_n,2002,,F,90.1,
UE,Raw_K_1dp_per_n,2002,,,254.2,
UR,Rate_1dp_%_n,2002,,M,8.4,
UR,Rate_1dp_%_n,2002,,F,6.0,
UR,Rate_1dp_%_n,2002,,,7.3,
UE,Raw_K_1dp_per_n,2003,,M,180.0,
UE,Raw_K_1dp_per_n,2003,,F,95.3,
UE,Raw_K_1dp_per_n,2003,,,275.2,
UR,Rate_1dp_%_n,2003,,M,9.3,
UR,Rate_1dp_%_n,2003,,F,6.3,
UR,Rate_1dp_%_n,2003,,,7.9,
UE,Raw_K_1dp_per_n,2004,,M,151.8,
UE,Raw_K_1dp_per_n,2004,,F,87.4,
UE,Raw_K_1dp_per_n,2004,,,239.2,
UR,Rate_1dp_%_n,2004,,M,7.8,
UR,Rate_1dp_%_n,2004,,F,5.6,
UR,Rate_1dp_%_n,2004,,,6.8,
UE,Raw_K_1dp_per_n,2005,,M,127.5,
UE,Raw_K_1dp_per_n,2005,,F,70.1,
UE,Raw_K_1dp_per_n,2005,,,197.6,
UR,Rate_1dp_%_n,2005,,M,6.5,
UR,Rate_1dp_%_n,2005,,F,4.4,
UR,Rate_1dp_%_n,2005,,,5.6,
UE,Raw_K_1dp_per_n,2006,,M,110.2,
UE,Raw_K_1dp_per_n,2006,,F,60.8,
UE,Raw_K_1dp_per_n,2006,,,171.1,
UR,Rate_1dp_%_n,2006,,M,5.7,
UR,Rate_1dp_%_n,2006,,F,3.8,
UR,Rate_1dp_%_n,2006,,,4.8,
UE,Raw_K_1dp_per_n,2007,,M,89.0,
UE,Raw_K_1dp_per_n,2007,,F,56.3,
UE,Raw_K_1dp_per_n,2007,,,145.3,
UR,Rate_1dp_%_n,2007,,M,4.6,
UR,Rate_1dp_%_n,2007,,F,3.4,
UR,Rate_1dp_%_n,2007,,,4.0,
UE,Raw_K_1dp_per_n,2008,,M,78.3,
UE,Raw_K_1dp_per_n,2008,,F,49.7,
UE,Raw_K_1dp_per_n,2008,,,128.0,
UR,Rate_1dp_%_n,2008,,M,4.0,
UR,Rate_1dp_%_n,2008,,F,2.9,
UR,Rate_1dp_%_n,2008,,,3.5,
UE,Raw_K_1dp_per_n,2009,,M,118.3,
UE,Raw_K_1dp_per_n,2009,,F,74.4,
UE,Raw_K_1dp_per_n,2009,,,192.6,
UR,Rate_1dp_%_n,2009,,M,6.1,
UR,Rate_1dp_%_n,2009,,F,4.3,
UR,Rate_1dp_%_n,2009,,,5.3,
UE,Raw_K_1dp_per_n,2010,,M,97.6,
UE,Raw_K_1dp_per_n,2010,,F,59.5,
UE,Raw_K_1dp_per_n,2010,,,157.2,
UR,Rate_1dp_%_n,2010,,M,5.1,
UR,Rate_1dp_%_n,2010,,F,3.5,
UR,Rate_1dp_%_n,2010,,,4.3,
UE,Raw_K_1dp_per_n,2011,,M,77.5,
UE,Raw_K_1dp_per_n,2011,,F,49.2,
UE,Raw_K_1dp_per_n,2011,,,126.7,
UR,Rate_1dp_%_n,2011,,M,4.0,
UR,Rate_1dp_%_n,2011,,F,2.8,
UR,Rate_1dp_%_n,2011,,,3.4,
UE,Raw_K_1dp_per_n,2012,,M,74.3,
UE,Raw_K_1dp_per_n,2012,,F,49.9,
UE,Raw_K_1dp_per_n,2012,,,124.3,
UR,Rate_1dp_%_n,2012,,M,3.8,
UR,Rate_1dp_%_n,2012,,F,2.8,
UR,Rate_1dp_%_n,2012,,,3.3,
UE,Raw_K_1dp_per_n,2013,,M,75.8,
UE,Raw_K_1dp_per_n,2013,,F,55.3,
UE,Raw_K_1dp_per_n,2013,,,131.1,
UR,Rate_1dp_%_n,2013,,M,3.8,
UR,Rate_1dp_%_n,2013,,F,3.0,
UR,Rate_1dp_%_n,2013,,,3.4,
UE,Raw_K_1dp_per_n,2014,,M,71.0,
UE,Raw_K_1dp_per_n,2014,,F,56.6,
UE,Raw_K_1dp_per_n,2014,,,127.6,
UR,Rate_1dp_%_n,2014,,M,3.6,
UR,Rate_1dp_%_n,2014,,F,3.0,
UR,Rate_1dp_%_n,2014,,,3.3,
UE,Raw_K_1dp_per_n,2015,,M,68.7,
UE,Raw_K_1dp_per_n,2015,,F,60.7,
UE,Raw_K_1dp_per_n,2015,,,129.4,
UR,Rate_1dp_%_n,2015,,M,3.4,
UR,Rate_1dp_%_n,2015,,F,3.2,
UR,Rate_1dp_%_n,2015,,,3.3,
UE,Raw_K_1dp_per_n,2016,,M,73.7,
UE,Raw_K_1dp_per_n,2016,,F,59.3,
UE,Raw_K_1dp_per_n,2016,,,133.0,
UR,Rate_1dp_%_n,2016,,M,3.7,
UR,Rate_1dp_%_n,2016,,F,3.1,
UR,Rate_1dp_%_n,2016,,,3.4,
UE,Raw_K_1dp_per_n,2017,,M,67.6,
UE,Raw_K_1dp_per_n,2017,,F,56.0,
UE,Raw_K_1dp_per_n,2017,,,123.6,
UR,Rate_1dp_%_n,2017,,M,3.4,
UR,Rate_1dp_%_n,2017,,F,2.9,
UR,Rate_1dp_%_n,2017,,,3.1,
UE,Raw_K_1dp_per_n,2018,,M,64.1,
UE,Raw_K_1dp_per_n,2018,,F,48.0,
UE,Raw_K_1dp_per_n,2018,,,112.1,
UR,Rate_1dp_%_n,2018,,M,3.2,
UR,Rate_1dp_%_n,2018,,F,2.4,
UR,Rate_1dp_%_n,2018,,,2.8,
UE,Raw_K_1dp_per_n,2019,,M,70.4,
UE,Raw_K_1dp_per_n,2019,,F,45.9,
UE,Raw_K_1dp_per_n,2019,,,116.3,
UR,Rate_1dp_%_n,2019,,M,3.5,
UR,Rate_1dp_%_n,2019,,F,2.3,
UR,Rate_1dp_%_n,2019,,,2.9,
UE,Raw_K_1dp_per_n,2020,,M,134.5,
UE,Raw_K_1dp_per_n,2020,,F,93.1,
UE,Raw_K_1dp_per_n,2020,,,227.6,
UR,Rate_1dp_%_n,2020,,M,6.9,
UR,Rate_1dp_%_n,2020,,F,4.7,
UR,Rate_1dp_%_n,2020,,,5.8,
UE,Raw_K_1dp_per_n,2021,,M,118.0,
UE,Raw_K_1dp_per_n,2021,,F,82.2,
UE,Raw_K_1dp_per_n,2021,,,200.3,
UR,Rate_1dp_%_n,2021,,M,6.1,
UR,Rate_1dp_%_n,2021,,F,4.2,
UR,Rate_1dp_%_n,2021,,,5.2,
UE,Raw_K_1dp_per_n,2022,,M,96.5,
UE,Raw_K_1dp_per_n,2022,,F,66.6,
UE,Raw_K_1dp_per_n,2022,,,163.1,
UR,Rate_1dp_%_n,2022,,M,5.1,
UR,Rate_1dp_%_n,2022,,F,3.5,
UR,Rate_1dp_%_n,2022,,,4.3,
UE,Raw_K_1dp_per_n,2023,,M,66.3,
UE,Raw_K_1dp_per_n,2023,,F,46.4,
UE,Raw_K_1dp_per_n,2023,,,112.7,
UR,Rate_1dp_%_n,2023,,M,3.5,
UR,Rate_1dp_%_n,2023,,F,2.4,
UR,Rate_1dp_%_n,2023,,,2.9,
