STAT_VAR,STAT_PRES,GDP_COMPONENT,CCYY,Q,OBS_VALUE,SD_VALUE
CON,YoY_1dp_%_s,,1987,,13.4,
CON,YoY_1dp_%_s,PCE,1987,,10.6,
CON,YoY_1dp_%_s,GDFCF,1987,,14.2,
CON,YoY_1dp_%_s,XG,1987,,30.6,
CON,YoY_1dp_%_s,,1988,,8.5,
CON,YoY_1dp_%_s,PCE,1988,,9.4,
CON,YoY_1dp_%_s,GDFCF,1988,,8.1,
CON,YoY_1dp_%_s,XG,1988,,24.4,
CON,YoY_1dp_%_s,,1989,,2.3,
CON,YoY_1dp_%_s,PCE,1989,,3.8,
CON,YoY_1dp_%_s,GDFCF,1989,,3.9,
CON,YoY_1dp_%_s,XG,1989,,8.4,
CON,YoY_1dp_%_s,,1990,,3.8,
CON,YoY_1dp_%_s,PCE,1990,,6.2,
CON,YoY_1dp_%_s,GDFCF,1990,,8.2,
CON,YoY_1dp_%_s,XG,1990,,7.9,
CON,YoY_1dp_%_s,,1991,,5.7,
CON,YoY_1dp_%_s,PCE,1991,,9.3,
CON,YoY_1dp_%_s,GDFCF,1991,,9.4,
CON,YoY_1dp_%_s,XG,1991,,16.0,
CON,YoY_1dp_%_s,,1992,,6.2,
CON,YoY_1dp_%_s,PCE,1992,,9.2,
CON,YoY_1dp_%_s,GDFCF,1992,,9.0,
CON,YoY_1dp_%_s,XG,1992,,19.5,
CON,YoY_1dp_%_s,,1993,,6.2,
CON,YoY_1dp_%_s,PCE,1993,,7.8,
CON,YoY_1dp_%_s,GDFCF,1993,,2.9,
CON,YoY_1dp_%_s,XG,1993,,13.4,
CON,YoY_1dp_%_s,,1994,,6.0,
CON,YoY_1dp_%_s,PCE,1994,,6.5,
CON,YoY_1dp_%_s,GDFCF,1994,,15.0,
CON,YoY_1dp_%_s,XG,1994,,9.9,
CON,YoY_1dp_%_s,,1995,,2.4,
CON,YoY_1dp_%_s,PCE,1995,,1.6,
CON,YoY_1dp_%_s,GDFCF,1995,,7.3,
CON,YoY_1dp_%_s,XG,1995,,11.5,
CON,YoY_1dp_%_s,,1996,,4.3,
CON,YoY_1dp_%_s,PCE,1996,,3.7,
CON,YoY_1dp_%_s,GDFCF,1996,,10.7,
CON,YoY_1dp_%_s,XG,1996,,5.7,
CON,YoY_1dp_%_s,,1997,,5.1,
CON,YoY_1dp_%_s,PCE,1997,,5.5,
CON,YoY_1dp_%_s,GDFCF,1997,,13.7,
CON,YoY_1dp_%_s,XG,1997,,8.4,
CON,YoY_1dp_%_s,,1998,,-5.9,
CON,YoY_1dp_%_s,PCE,1998,,-5.5,
CON,YoY_1dp_%_s,GDFCF,1998,,-7.4,
CON,YoY_1dp_%_s,XG,1998,,-5.1,
CON,YoY_1dp_%_s,,1999,,2.5,
CON,YoY_1dp_%_s,PCE,1999,,1.0,
CON,YoY_1dp_%_s,GDFCF,1999,,-16.3,
CON,YoY_1dp_%_s,XG,1999,,2.0,
CON,YoY_1dp_%_s,,2000,,7.7,
CON,YoY_1dp_%_s,PCE,2000,,4.5,
CON,YoY_1dp_%_s,GDFCF,2000,,7.9,
CON,YoY_1dp_%_s,XG,2000,,18.5,
CON,YoY_1dp_%_s,,2001,,0.6,
CON,YoY_1dp_%_s,PCE,2001,,1.4,
CON,YoY_1dp_%_s,GDFCF,2001,,2.8,
CON,YoY_1dp_%_s,XG,2001,,-1.8,
CON,YoY_1dp_%_s,,2002,,1.7,
CON,YoY_1dp_%_s,PCE,2002,,-1.0,
CON,YoY_1dp_%_s,GDFCF,2002,,-3.9,
CON,YoY_1dp_%_s,XG,2002,,8.4,
CON,YoY_1dp_%_s,,2003,,3.1,
CON,YoY_1dp_%_s,PCE,2003,,-1.6,
CON,YoY_1dp_%_s,GDFCF,2003,,1.5,
CON,YoY_1dp_%_s,XG,2003,,14.9,
CON,YoY_1dp_%_s,,2004,,8.7,
CON,YoY_1dp_%_s,PCE,2004,,7.1,
CON,YoY_1dp_%_s,GDFCF,2004,,3.4,
CON,YoY_1dp_%_s,XG,2004,,15.6,
CON,YoY_1dp_%_s,,2005,,7.4,
CON,YoY_1dp_%_s,PCE,2005,,3.5,
CON,YoY_1dp_%_s,GDFCF,2005,,4.0,
CON,YoY_1dp_%_s,XG,2005,,12.4,
CON,YoY_1dp_%_s,,2006,,7.0,
CON,YoY_1dp_%_s,PCE,2006,,6.1,
CON,YoY_1dp_%_s,GDFCF,2006,,7.1,
CON,YoY_1dp_%_s,XG,2006,,10.2,
CON,YoY_1dp_%_s,,2007,,6.5,
CON,YoY_1dp_%_s,PCE,2007,,8.6,
CON,YoY_1dp_%_s,GDFCF,2007,,3.2,
CON,YoY_1dp_%_s,XG,2007,,6.9,
CON,YoY_1dp_%_s,,2008,,2.1,
CON,YoY_1dp_%_s,PCE,2008,,1.9,
CON,YoY_1dp_%_s,GDFCF,2008,,1.4,
CON,YoY_1dp_%_s,XG,2008,,3.2,
CON,YoY_1dp_%_s,,2009,,-2.5,
CON,YoY_1dp_%_s,PCE,2009,,0.2,
CON,YoY_1dp_%_s,GDFCF,2009,,-3.5,
CON,YoY_1dp_%_s,XG,2009,,-11.2,
CON,YoY_1dp_%_s,,2010,,6.8,
CON,YoY_1dp_%_s,PCE,2010,,6.1,
CON,YoY_1dp_%_s,GDFCF,2010,,7.7,
CON,YoY_1dp_%_s,XG,2010,,18.0,
CON,YoY_1dp_%_s,,2011,,4.8,
CON,YoY_1dp_%_s,PCE,2011,,8.4,
CON,YoY_1dp_%_s,GDFCF,2011,,10.2,
CON,YoY_1dp_%_s,XG,2011,,4.6,
CON,YoY_1dp_%_s,,2012,,1.7,
CON,YoY_1dp_%_s,PCE,2012,,4.1,
CON,YoY_1dp_%_s,GDFCF,2012,,6.8,
CON,YoY_1dp_%_s,XG,2012,,3.3,
CON,YoY_1dp_%_s,,2013,,3.1,
CON,YoY_1dp_%_s,PCE,2013,,4.6,
CON,YoY_1dp_%_s,GDFCF,2013,,2.6,
CON,YoY_1dp_%_s,XG,2013,,8.2,
CON,YoY_1dp_%_s,,2014,,2.8,
CON,YoY_1dp_%_s,PCE,2014,,3.3,
CON,YoY_1dp_%_s,GDFCF,2014,,-0.1,
CON,YoY_1dp_%_s,XG,2014,,0.8,
CON,YoY_1dp_%_s,,2015,,2.4,
CON,YoY_1dp_%_s,PCE,2015,,4.8,
CON,YoY_1dp_%_s,GDFCF,2015,,-3.2,
CON,YoY_1dp_%_s,XG,2015,,-1.7,
CON,YoY_1dp_%_s,,2016,,2.2,
CON,YoY_1dp_%_s,PCE,2016,,2.0,
CON,YoY_1dp_%_s,GDFCF,2016,,-0.1,
CON,YoY_1dp_%_s,XG,2016,,1.6,
CON,YoY_1dp_%_s,,2017,,3.8,
CON,YoY_1dp_%_s,PCE,2017,,5.5,
CON,YoY_1dp_%_s,GDFCF,2017,,3.1,
CON,YoY_1dp_%_s,XG,2017,,6.5,
CON,YoY_1dp_%_s,,2018,,2.8,
CON,YoY_1dp_%_s,PCE,2018,,5.3,
CON,YoY_1dp_%_s,GDFCF,2018,,1.7,
CON,YoY_1dp_%_s,XG,2018,,3.5,
CON,YoY_1dp_%_s,,2019,,-1.7,
CON,YoY_1dp_%_s,PCE,2019,,-0.8,
CON,YoY_1dp_%_s,GDFCF,2019,,-14.9,
CON,YoY_1dp_%_s,XG,2019,,-5.5,
CON,YoY_1dp_%_s,,2020,,-6.5,
CON,YoY_1dp_%_s,PCE,2020,,-10.6,
CON,YoY_1dp_%_s,GDFCF,2020,,-11.1,
CON,YoY_1dp_%_s,XG,2020,,-1.4,
CON,YoY_1dp_%_s,,2021,,6.5,
CON,YoY_1dp_%_s,PCE,2021,,5.6,
CON,YoY_1dp_%_s,GDFCF,2021,,8.3,
CON,YoY_1dp_%_s,XG,2021,,18.7,
CON,YoY_1dp_%_s,,2022,,-3.7,104
CON,YoY_1dp_%_s,PCE,2022,,-2.2,104
CON,YoY_1dp_%_s,GDFCF,2022,,-7.4,104
CON,YoY_1dp_%_s,XG,2022,,-14.0,104
CON,YoY_1dp_%_s,,2023,,3.3,104
CON,YoY_1dp_%_s,PCE,2023,,7.7,104
CON,YoY_1dp_%_s,GDFCF,2023,,11.1,104
CON,YoY_1dp_%_s,XG,2023,,-10.3,104
