﻿Coordinate_Easting,Coordinate_Northing,Site_en,Site_sc,Site_tc,Stage_en,Stage_sc,Stage_tc,Status_en,Status_sc,Status_tc,Estimated_Flat_Number_About,Land_Area_in_ha,Estimated_Land_Availability_Year_en,Estimated_Land_Availability_Year_sc,Estimated_Land_Availability_Year_tc,GeometryLongitude,GeometryLatitude
822551.901,834770.687,"Ho Chau Road, Yuen Long",元朗蚝洲路,元朗蠔洲路,Technical studies and planning stage,处于技术研究及规划阶段,處於技術研究及規劃階段,Engineering feasibility study in progress,工程可行性研究进行中,工程可行性研究進行中,1700,2.2,2027-28,2027-28,2027-28,114.04362000000003,22.452335000000062
832816.182,834862.614,"She Shan Road, Tai Po",大埔社山路,大埔社山路,Technical studies and planning stage,处于技术研究及规划阶段,處於技術研究及規劃階段,Engineering feasibility study in progress,工程可行性研究进行中,工程可行性研究進行中,8400,7.1,2028-29,2028-29,2028-29,114.14333900000008,22.453216000000054
846059.088,814830.089,Tseung Kwan O Area 137 (Part),将军澳第  137  区,將軍澳第  137  區( 部分),Technical studies and planning stage,处于技术研究及规划阶段,處於技術研究及規劃階段,Engineering feasibility study in progress,工程可行性研究进行中,工程可行性研究進行中,22700,17.3,2025-26 and 2028-29,2025-26 及 2028-29,2025-26 及 2028-29,114.27187400000003,22.272287000000063
819705.455,834505.346,"Wing Ning Tsuen, Yuen Long",元朗永宁村,元朗永寧村,Technical studies and planning stage,处于技术研究及规划阶段,處於技術研究及規劃階段,Engineering feasibility study in progress,工程可行性研究进行中,工程可行性研究進行中,3700,3.1,2027-28,2027-28,2027-28,114.01596900000004,22.449913000000038
842066.958,815833.672,A Kung Ngam Village (Part),阿公岩村( 部分),阿公岩村( 部分),Technical studies and planning stage,处于技术研究及规划阶段,處於技術研究及規劃階段,Rezoning in progress,改划进行中,改劃進行中,600,1,2027-28,2027-28,2027-28,114.23314400000004,22.281368000000043
831753.035,824591.786,Kwai On Factory Estate,葵安工厂大厦,葵安工廠大廈,Technical studies and planning stage,处于技术研究及规划阶段,處於技術研究及規劃階段,Rezoning in progress,改划进行中,改劃進行中,800,0.7,Under HA,房委会辖下项目,房委會轄下項目,114.13303900000005,22.36046300000004
840228.729,821966.449,Near Ngau Chi Wan Park,近牛池湾公园,近牛池灣公園,Technical studies and planning stage,处于技术研究及规划阶段,處於技術研究及規劃階段,Rezoning in progress,改划进行中,改劃進行中,500,0.6,2027-28,2027-28,2027-28,114.21532200000001,22.336756000000037
820425.761,833139.092,"Shap Pat Heung, Yuen Long (Brownfield)",元朗十八乡( 棕地),元朗十八鄉( 棕地),Technical studies and planning stage,处于技术研究及规划阶段,處於技術研究及規劃階段,Rezoning in progress,改划进行中,改劃進行中,4000,4,2027-28,2027-28,2027-28,114.02298000000008,22.437582000000077
821492.516,832946.737,"Tai Kei Leng, Yuen Long (Brownfield)",元朗大旗岭( 棕地),元朗大旗嶺( 棕地),Technical studies and planning stage,处于技术研究及规划阶段,處於技術研究及規劃階段,Rezoning in progress,改划进行中,改劃進行中,2100,2.1,2027-28,2027-28,2027-28,114.03334500000005,22.43585500000006
832158.189,840954.11,"Wa Shan, Sheung Shui (Brownfield)",上水华山( 棕地),上水華山( 棕地),Technical studies and planning stage,处于技术研究及规划阶段,處於技術研究及規劃階段,Rezoning in progress,改划进行中,改劃進行中,4200,3.8,2028-29,2028-29,2028-29,114.13693100000012,22.50822400000004
841579.371,818070.65,Cha Kwo Ling Village (Part),茶果岭村( 部分),茶果嶺村( 部分),Technical studies and planning stage,处于技术研究及规划阶段,處於技術研究及規劃階段,Land resumption/detailed design in progress,收地╱ 详细设计进行中,收地╱ 詳細設計進行中,1000,0.6,2026-27,2026-27,2026-27,114.22842000000003,22.301571000000024
838174.646,822611.352,Chuk Yuen United Village (Part),竹园联合村( 部分),竹園聯合村( 部分),Technical studies and planning stage,处于技术研究及规划阶段,處於技術研究及規劃階段,Land resumption/detailed design in progress,收地╱ 详细设计进行中,收地╱ 詳細設計進行中,1000,0.5,2025-26,2025-26,2025-26,114.1953830000001,22.342584000000045
841688.811,818184.222,Ex-Cha Kwo Ling Kaolin Mine Site,前茶果岭高岭土矿场,前茶果嶺高嶺土礦場,Technical studies and planning stage,处于技术研究及规划阶段,處於技術研究及規劃階段,Land resumption/detailed design in progress,收地╱ 详细设计进行中,收地╱ 詳細設計進行中,2100,1.5,2026-27,2026-27,2026-27,114.22948200000008,22.30259700000005
832301.534,839997.492,Fanling Area 17,粉岭第  17  区,粉嶺第  17  區,Technical studies and planning stage,处于技术研究及规划阶段,處於技術研究及規劃階段,Land resumption/detailed design in progress,收地╱ 详细设计进行中,收地╱ 詳細設計進行中,5200,5.4,2027-28,2027-28,2027-28,114.138326,22.499585000000025
828443,841360,"Fanling North New Development Area (NDA) Areas 5, 6 West, 6 East, 8, 13, 14, 15 West and 17",粉岭北新发展区第  5 、6(西)、6(东)、8 、13、14、15(西)及  17区,粉嶺北新發展區第  5 、6 (西)、6( 東)、8 、13、14、15( 西)及  17區,Technical studies and planning stage,处于技术研究及规划阶段,處於技術研究及規劃階段,Land resumption/detailed design in progress,收地╱ 详细设计进行中,收地╱ 詳細設計進行中,19200,16.4,2025-26 to 2028-29,2025-26 至 2028-29,2025-26 至 2028-29,114.10082100000011,22.51187600000003
815072.315,831153.834,"Hong Po Road, Tuen Mun",屯门康宝路,屯門康寶路,Technical studies and planning stage,处于技术研究及规划阶段,處於技術研究及規劃階段,Land resumption/detailed design in progress,收地╱ 详细设计进行中,收地╱ 詳細設計進行中,9500,7.9,2029-30,2029-30,2029-30,113.97100300000011,22.419597000000067
828470,841190,"Kwu Tung North NDA Areas 12, 13, 20, 21 and 26",古洞北新发展区第  12、13、20、21  及  26  区,古洞北新發展區第  12、13、20、21  及  26  區,Technical studies and planning stage,处于技术研究及规划阶段,處於技術研究及規劃階段,Land resumption/detailed design in progress,收地╱ 详细设计进行中,收地╱ 詳細設計進行中,18100,13.7,2026-27 and 2028-29,2026-27 及 2028-29,2026-27 及 2028-29,114.10108400000001,22.51034100000004
842297.457,831004.026,Ma On Shan Tsuen Road,马鞍山村路,馬鞍山村路,Technical studies and planning stage,处于技术研究及规划阶段,處於技術研究及規劃階段,Land resumption/detailed design in progress,收地╱ 详细设计进行中,收地╱ 詳細設計進行中,1900,2.3,2028-29,2028-29,2028-29,114.23543700000005,22.418364000000054
839496.632,821910.189,Ngau Chi Wan Village,牛池湾村,牛池灣村,Technical studies and planning stage,处于技术研究及规划阶段,處於技術研究及規劃階段,Land resumption/detailed design in progress,收地╱ 详细设计进行中,收地╱ 詳細設計進行中,2700,1.7,2026-27 and 2027-28,2026-27 及 2027-28,2026-27 及 2027-28,114.20821500000011,22.336250000000064
815511.132,831190.293,"San Hing Road, Tuen Mun",屯门新庆路,屯門新慶路,Technical studies and planning stage,处于技术研究及规划阶段,處於技術研究及規劃階段,Land resumption/detailed design in progress,收地╱ 详细设计进行中,收地╱ 詳細設計進行中,10000,9.8,2027-28 and 2028-29,2027-28 及 2028-29,2027-28 及 2028-29,113.97526400000004,22.419931000000076
832729.514,825320.753,"Shek Pai Street, Kwai Chung (Part)",葵涌石排街( 部分),葵涌石排街( 部分),Technical studies and planning stage,处于技术研究及规划阶段,處於技術研究及規劃階段,Land resumption/detailed design in progress,收地╱ 详细设计进行中,收地╱ 詳細設計進行中,2000,2,2029-30,2029-30,2029-30,114.14251800000011,22.367049000000065
830450.447,840133.866,"Tai Tau Leng, Sheung Shui",上水大头岭,上水大頭嶺,Technical studies and planning stage,处于技术研究及规划阶段,處於技術研究及規劃階段,Land resumption/detailed design in progress,收地╱ 详细设计进行中,收地╱ 詳細設計進行中,3000,2.4,2028-29,2028-29,2028-29,114.12033600000007,22.500812000000053
819178.804,835237.22,"Tin Tsz Road, Tin Shui Wai",天水围天慈路,天水圍天慈路,Technical studies and planning stage,处于技术研究及规划阶段,處於技術研究及規劃階段,Land resumption/detailed design in progress,收地╱ 详细设计进行中,收地╱ 詳細設計進行中,8400,9,2029-30,2029-30,2029-30,114.01084500000002,22.456517000000076
817258.17,835917.813,"Tin Wah Road, Tin Shui Wai (Part)",天水围天华路(部分),天水圍天華路(部分),Technical studies and planning stage,处于技术研究及规划阶段,處於技術研究及規劃階段,Land resumption/detailed design in progress,收地╱ 详细设计进行中,收地╱ 詳細設計進行中,2400,1.9,2028-29,2028-29,2028-29,113.99217700000008,22.46264300000007
834890.644,833490.062,"To Yuen Tung, Tai Po",大埔桃源洞,大埔桃源洞,Technical studies and planning stage,处于技术研究及规划阶段,處於技術研究及規劃階段,Land resumption/detailed design in progress,收地╱ 详细设计进行中,收地╱ 詳細設計進行中,2000,3.9,2028-29,2028-29,2028-29,114.16349400000001,22.440825000000075
820116,832315,"Yuen Long South Stage 2 Sites 2.1a, 2.1b, 2.3, 2.4 and 2.5",元朗南第二阶段  2 .1 a、2.1 b、2.3、2. 4  及  2. 5  号地盘,元朗南第二階段  2 .1 a、2.1 b、2.3 、2. 4  及  2. 5  號地盤,Technical studies and planning stage,处于技术研究及规划阶段,處於技術研究及規劃階段,Land resumption/detailed design in progress,收地╱ 详细设计进行中,收地╱ 詳細設計進行中,11500,9.6,2026-27,2026-27,2026-27,114.01998000000003,22.430138000000056
841856,815697,A Kung Ngam Road,阿公岩道,阿公岩道,Technical studies and planning stage,处于技术研究及规划阶段,處於技術研究及規劃階段,Others,其他,其他,600,0.5,2025-26,2025-26,2025-26,114.2310960000001,22.28013500000003
829176,823179,"Ching Hong Road North , Tsing Yi
(Part)",青衣青康路北(部分),青衣青康路北(部分),Technical studies and planning stage,处于技术研究及规划阶段,處於技術研究及規劃階段,Others,其他,其他,2500,1.7,Under HA,房委会辖下项目,房委會轄下項目,114.10802600000011,22.34769600000004
840573.895,819799.573,Kwun Tong Garden Estate Site II (Part),观塘花园大厦二期( 部分),觀塘花園大廈二期( 部分),Technical studies and planning stage,处于技术研究及规划阶段,處於技術研究及規劃階段,Others,其他,其他,2300,1.6,Under HS,房协辖下项目,房協轄下項目,114.2186670000001,22.317187000000047
830591.393,839385.779,"Partial Development of Fanling Golf
Course Site *",粉岭高尔夫球场用地局部发展*,粉嶺高爾夫球場用地局部發展*,Technical studies and planning stage,处于技术研究及规划阶段,處於技術研究及規劃階段,Others,其他,其他,12000,8,2027-28,2027-28,2027-28,114.12170900000001,22.494057000000055
842423.246,818870.37,"Ping Tin Street, Lam Tin",蓝田平田街,藍田平田街,Technical studies and planning stage,处于技术研究及规划阶段,處於技術研究及規劃階段,Others,其他,其他,300,0.3,Under HA,房委会辖下项目,房委會轄下項目,114.23661200000004,22.308790000000045
830966.123,840538.868,"Po Shek Wu Road, Sheung Shui",上水宝石湖路,上水寶石湖路,Technical studies and planning stage,处于技术研究及规划阶段,處於技術研究及規劃階段,Others,其他,其他,1900,1.4,2025-26,2025-26,2025-26,114.12534600000004,22.504471000000024
816662.065,818905.482,Siu Ho Wan Depot (Part),小蚝湾车厂( 部分),小蠔灣車廠( 部分),Technical studies and planning stage,处于技术研究及规划阶段,處於技術研究及規劃階段,Others,其他,其他,2900,2.1,2026-27 and 2027-28,2026-27 及 2027-28,2026-27 及 2027-28,113.98659400000008,22.309007000000065
836584.359,826198.844,"Tsuen Nam Road, Tai Wai",大围村南道,大圍村南道,Technical studies and planning stage,处于技术研究及规划阶段,處於技術研究及規劃階段,Others,其他,其他,400,0.4,2023-24,2023-24,2023-24,114.17994600000009,22.374982000000045
833726.666,821633.29,Wang Cheong Factory Estate,宏昌工厂大厦,宏昌工廠大廈,Technical studies and planning stage,处于技术研究及规划阶段,處於技術研究及規劃階段,Others,其他,其他,1200,0.8,Under HA,房委会辖下项目,房委會轄下項目,114.15220600000009,22.333750000000066
834249.378,812510.233,Yue Kwong Chuen (Part),渔光村(部分),漁光村(部分),Technical studies and planning stage,处于技术研究及规划阶段,處於技術研究及規劃階段,Others,其他,其他,1300,0.7,Under HS,房协辖下项目,房協轄下項目,114.1572910000001,22.251364000000024
821718.211,833765.824,Yuen Lung Street,元龙街,元龍街,Technical studies and planning stage,处于技术研究及规划阶段,處於技術研究及規劃階段,Others,其他,其他,700,0.5,Handed over to HS,已交付房协,已交付房協,114.03553000000011,22.443254000000024
816951,833080,"Hung Shui Kiu/Ha Tsuen (HSK/HT) NDA Sites 4-3, 4-4, 4-5, 4-6, 4-22, 4-24, 4-28, 5-16 and 5-17",洪水桥╱ 厦村新发展区  4- 3 、 4-4 、4 -5 、4 -6 、4 -22、4 -24、4-28、5- 16  及  5 -17  号地盘,洪水橋╱ 厦村新發展區  4- 3 、 4-4 、4 -5 、4 -6 、4 -22、4 -24、4-28、5- 16  及  5 -17  號地盤,Site formation/other site preparation works soon to commence/in progress,工地平整╱其他地盘整理工程即将展开╱进行中,工地平整╱其他地盤整理工程即將展開╱進行中,Pending funding approval,有待审批拨款,有待審批撥款,22100,19.1,2026-27,2026-27,2026-27,113.98922700000003,22.437013000000036
817051.424,833906.13,HSK/HT New Development Dedicated Rehousing Estate (Part),洪水桥╱ 厦村新发展区专用安置屋邨(部分),洪水橋╱ 厦村新發展區專用安置屋邨(部分),Site formation/other site preparation works soon to commence/in progress,工地平整╱其他地盘整理工程即将展开╱进行中,工地平整╱其他地盤整理工程即將展開╱進行中,Pending funding approval,有待审批拨款,有待審批撥款,1000,0.7,2025-26,2025-26,2025-26,113.99019200000009,22.444475000000068
825126.88,832568.054,Kam Sheung Road Site 4a (Part),锦上路第  4a  号地盘(部分),錦上路第  4a  號地盤(部分),Site formation/other site preparation works soon to commence/in progress,工地平整╱其他地盘整理工程即将展开╱进行中,工地平整╱其他地盤整理工程即將展開╱進行中,Pending funding approval,有待审批拨款,有待審批撥款,800,1,2026-27,2026-27,2026-27,114.06865200000004,22.43246300000004
835093.453,822189.881,Chak On Road South,泽安道南,澤安道南,Site formation/other site preparation works soon to commence/in progress,工地平整╱其他地盘整理工程即将展开╱进行中,工地平整╱其他地盤整理工程即將展開╱進行中,Funding approved and site formation/other works soon to commence/in progress,拨款已获批准及工地平整╱ 其他工程即将展开╱ 进行中,撥款已獲批准及工地平整╱ 其他工程即將展開╱ 進行中,500,0.4,2026-27,2026-27,2026-27,114.16547300000002,22.338778000000048
843728,831990,Cheung Muk Tau,樟木头,樟木頭,Site formation/other site preparation works soon to commence/in progress,工地平整╱其他地盘整理工程即将展开╱进行中,工地平整╱其他地盤整理工程即將展開╱進行中,Funding approved and site formation/other works soon to commence/in progress,拨款已获批准及工地平整╱ 其他工程即将展开╱ 进行中,撥款已獲批准及工地平整╱ 其他工程即將展開╱ 進行中,3200,2.8,2025-26,2025-26,2025-26,114.24933700000008,22.42726300000004
830429.217,840746.404,"Choi Shun Street, Sheung Shui",上水彩顺街,上水彩順街,Site formation/other site preparation works soon to commence/in progress,工地平整╱其他地盘整理工程即将展开╱进行中,工地平整╱其他地盤整理工程即將展開╱進行中,Funding approved and site formation/other works soon to commence/in progress,拨款已获批准及工地平整╱ 其他工程即将展开╱ 进行中,撥款已獲批准及工地平整╱ 其他工程即將展開╱ 進行中,2300,1.5,2024-25,2024-25,2024-25,114.12012700000002,22.506343000000072
835693.401,835810.088,"Chung Nga Road West, Tai Po",大埔颂雅路西,大埔頌雅路西,Site formation/other site preparation works soon to commence/in progress,工地平整╱其他地盘整理工程即将展开╱进行中,工地平整╱其他地盤整理工程即將展開╱進行中,Funding approved and site formation/other works soon to commence/in progress,拨款已获批准及工地平整╱ 其他工程即将展开╱ 进行中,撥款已獲批准及工地平整╱ 其他工程即將展開╱ 進行中,1000,1.8,2023-24,2023-24,2023-24,114.17129200000011,22.461776000000043
833445.95,838361.537,Fanling Area 48 (Part),粉岭第  48  区( 部分),粉嶺第  48  區( 部分),Site formation/other site preparation works soon to commence/in progress,工地平整╱其他地盘整理工程即将展开╱进行中,工地平整╱其他地盤整理工程即將展開╱進行中,Funding approved and site formation/other works soon to commence/in progress,拨款已获批准及工地平整╱ 其他工程即将展开╱ 进行中,撥款已獲批准及工地平整╱ 其他工程即將展開╱ 進行中,2700,2.5,2025-26 and 2027-28,2025-26 及 2027-28,2025-26 及 2027-28,114.14945100000011,22.48481400000003
830540.092,815777.434,Ka Wai Man Road (Part),加惠民道( 部分),加惠民道( 部分),Site formation/other site preparation works soon to commence/in progress,工地平整╱其他地盘整理工程即将展开╱进行中,工地平整╱其他地盤整理工程即將展開╱進行中,Funding approved and site formation/other works soon to commence/in progress,拨款已获批准及工地平整╱ 其他工程即将展开╱ 进行中,撥款已獲批准及工地平整╱ 其他工程即將展開╱ 進行中,1100,1.8,2026-27,2026-27,2026-27,114.12129500000003,22.280861000000073
832620,812600,"Kai Lung Wan North and South, Pokfulam",薄扶林鸡笼湾北及鸡笼湾南,薄扶林雞籠灣北及雞籠灣南,Site formation/other site preparation works soon to commence/in progress,工地平整╱其他地盘整理工程即将展开╱进行中,工地平整╱其他地盤整理工程即將展開╱進行中,Funding approved and site formation/other works soon to commence/in progress,拨款已获批准及工地平整╱ 其他工程即将展开╱ 进行中,撥款已獲批准及工地平整╱ 其他工程即將展開╱ 進行中,5500,4.9,2024-25 and 2025-26,2024-25 及 2025-26,2024-25 及 2025-26,114.1414840000001,22.25217200000003
831614.377,825728.917,"Kwok Shui Road, Tsuen Wan",荃湾国瑞路,荃灣國瑞路,Site formation/other site preparation works soon to commence/in progress,工地平整╱其他地盘整理工程即将展开╱进行中,工地平整╱其他地盤整理工程即將展開╱進行中,Funding approved and site formation/other works soon to commence/in progress,拨款已获批准及工地平整╱ 其他工程即将展开╱ 进行中,撥款已獲批准及工地平整╱ 其他工程即將展開╱ 進行中,1700,1.4,2025-26,2025-26,2025-26,114.13169000000005,22.370732000000032
819631,833546,Long Bin (Part),朗边( 部分),朗邊( 部分),Site formation/other site preparation works soon to commence/in progress,工地平整╱其他地盘整理工程即将展开╱进行中,工地平整╱其他地盤整理工程即將展開╱進行中,Funding approved and site formation/other works soon to commence/in progress,拨款已获批准及工地平整╱ 其他工程即将展开╱ 进行中,撥款已獲批准及工地平整╱ 其他工程即將展開╱ 進行中,8900,4.6,2024-25 and 2025-26,2024-25 及 2025-26,2024-25 及 2025-26,114.01525600000002,22.441249000000028
818083,831581,Near Tan Kwai Tsuen,近丹桂村,近丹桂村,Site formation/other site preparation works soon to commence/in progress,工地平整╱其他地盘整理工程即将展开╱进行中,工地平整╱其他地盤整理工程即將展開╱進行中,Funding approved and site formation/other works soon to commence/in progress,拨款已获批准及工地平整╱ 其他工程即将展开╱ 进行中,撥款已獲批准及工地平整╱ 其他工程即將展開╱ 進行中,7300,4.9,2026-27,2026-27,2026-27,114.00024000000008,22.423489000000075
846232.418,818157.425,"Pak Shing Kok Road, Tseung Kwan O",将军澳百胜角路,將軍澳百勝角路,Site formation/other site preparation works soon to commence/in progress,工地平整╱其他地盘整理工程即将展开╱进行中,工地平整╱其他地盤整理工程即將展開╱進行中,Funding approved and site formation/other works soon to commence/in progress,拨款已获批准及工地平整╱ 其他工程即将展开╱ 进行中,撥款已獲批准及工地平整╱ 其他工程即將展開╱ 進行中,3000,2.2,2023-24,2023-24,2023-24,114.27357700000005,22.30233400000003
835159.382,822171.766,Pak Tin Extension,白田伸延,白田伸延,Site formation/other site preparation works soon to commence/in progress,工地平整╱其他地盘整理工程即将展开╱进行中,工地平整╱其他地盤整理工程即將展開╱進行中,Funding approved and site formation/other works soon to commence/in progress,拨款已获批准及工地平整╱ 其他工程即将展开╱ 进行中,撥款已獲批准及工地平整╱ 其他工程即將展開╱ 進行中,400,0.4,2026-27,2026-27,2026-27,114.16611300000011,22.33861500000006
834686.474,840564.716,Queen’s Hill Extension,皇后山扩展用地,皇后山擴展用地,Site formation/other site preparation works soon to commence/in progress,工地平整╱其他地盘整理工程即将展开╱进行中,工地平整╱其他地盤整理工程即將展開╱進行中,Funding approved and site formation/other works soon to commence/in progress,拨款已获批准及工地平整╱ 其他工程即将展开╱ 进行中,撥款已獲批准及工地平整╱ 其他工程即將展開╱ 進行中,4000,4,2025-26,2025-26,2025-26,114.16150400000004,22.50471200000004
830629.457,840517.678,Sheung Shui Areas 4 and 30 Site 1 (Part),上水第  4  及  30  区  1  号地盘(部分),上水第  4  及  30  區  1  號地盤(部分),Site formation/other site preparation works soon to commence/in progress,工地平整╱其他地盘整理工程即将展开╱进行中,工地平整╱其他地盤整理工程即將展開╱進行中,Funding approved and site formation/other works soon to commence/in progress,拨款已获批准及工地平整╱ 其他工程即将展开╱ 进行中,撥款已獲批准及工地平整╱ 其他工程即將展開╱ 進行中,600,0.8,2024-25,2024-25,2024-25,114.12207400000011,22.504278000000056
817328.741,835882.932,"Tin Wah Road, Tin Shui Wai (Part)",天水围天华路(部分),天水圍天華路(部分),Site formation/other site preparation works soon to commence/in progress,工地平整╱其他地盘整理工程即将展开╱进行中,工地平整╱其他地盤整理工程即將展開╱進行中,Funding approved and site formation/other works soon to commence/in progress,拨款已获批准及工地平整╱ 其他工程即将展开╱ 进行中,撥款已獲批准及工地平整╱ 其他工程即將展開╱ 進行中,1300,1,2023-24,2023-24,2023-24,113.99286300000006,22.462329000000068
816127.663,828010.424,"Tuen Hing Road, Tuen Mun",屯门屯兴路,屯門屯興路,Site formation/other site preparation works soon to commence/in progress,工地平整╱其他地盘整理工程即将展开╱进行中,工地平整╱其他地盤整理工程即將展開╱進行中,Funding approved and site formation/other works soon to commence/in progress,拨款已获批准及工地平整╱ 其他工程即将展开╱ 进行中,撥款已獲批准及工地平整╱ 其他工程即將展開╱ 進行中,2700,3.2,2026-27,2026-27,2026-27,113.98129300000005,22.391223000000025
814160,818023,Tung Chung Area 133,东涌第  133  区,東涌第  133  區,Site formation/other site preparation works soon to commence/in progress,工地平整╱其他地盘整理工程即将展开╱进行中,工地平整╱其他地盤整理工程即將展開╱進行中,Funding approved and site formation/other works soon to commence/in progress,拨款已获批准及工地平整╱ 其他工程即将展开╱ 进行中,撥款已獲批准及工地平整╱ 其他工程即將展開╱ 進行中,8600,7.9,2024-25,2024-25,2024-25,113.96232300000008,22.301007000000027
832196.341,812900.715,"Wah Fu North, Pokfulam",薄扶林华富北,薄扶林華富北,Site formation/other site preparation works soon to commence/in progress,工地平整╱其他地盘整理工程即将展开╱进行中,工地平整╱其他地盤整理工程即將展開╱進行中,Funding approved and site formation/other works soon to commence/in progress,拨款已获批准及工地平整╱ 其他工程即将展开╱ 进行中,撥款已獲批准及工地平整╱ 其他工程即將展開╱ 進行中,1800,1.9,2025-26,2025-26,2025-26,114.13737300000003,22.254887000000053
844649.113,820896.39,"Yau Yue Wan Village Road, Tseung Kwan O",将军澳鱿鱼湾村道,將軍澳魷魚灣村道,Site formation/other site preparation works soon to commence/in progress,工地平整╱其他地盘整理工程即将展开╱进行中,工地平整╱其他地盤整理工程即將展開╱進行中,Funding approved and site formation/other works soon to commence/in progress,拨款已获批准及工地平整╱ 其他工程即将展开╱ 进行中,撥款已獲批准及工地平整╱ 其他工程即將展開╱ 進行中,2600,2.9,2024-25,2024-25,2024-25,114.25822600000004,22.32707700000003
820273.422,832452.586,Yuen Long South Site 2.2,元朗南  2.2  号地盘,元朗南  2.2  號地盤,Site formation/other site preparation works soon to commence/in progress,工地平整╱其他地盘整理工程即将展开╱进行中,工地平整╱其他地盤整理工程即將展開╱進行中,Funding approved and site formation/other works soon to commence/in progress,拨款已获批准及工地平整╱ 其他工程即将展开╱ 进行中,撥款已獲批准及工地平整╱ 其他工程即將展開╱ 進行中,4300,3.3,2024-25,2024-25,2024-25,114.02150700000004,22.431382000000042
813821,818153,Tung Chung Area 122,东涌第  122  区,東涌第  122  區,Sites to be tendered under the Private Subsidised Sale Flat - Pilot Scheme,拟在私人兴建资助出售房屋先导计划下招标的用地,工地平整╱其他地盤整理工程即將展開╱進行中,Sites to be tendered under the Private Subsidised Sale Flat - Pilot Scheme,拟在私人兴建资助出售房屋先导计划下招标的用地,擬在私人興建資助出售房屋先導計劃下招標的用地,1600,1.4,Subject to tendering of the site,视乎用地招标情况而定,視乎用地招標情況而定,113.9590320000001,22.30217700000003
842445,814235,"Cheung Man Road, Chai Wan",柴湾祥民道,柴灣祥民道,Sites to be tendered under the Private Subsidised Sale Flat - Pilot Scheme,拟在私人兴建资助出售房屋先导计划下招标的用地,工地平整╱其他地盤整理工程即將展開╱進行中,Sites to be tendered under the Private Subsidised Sale Flat - Pilot Scheme,拟在私人兴建资助出售房屋先导计划下招标的用地,擬在私人興建資助出售房屋先導計劃下招標的用地,700,0.5,Subject to tendering of the site,视乎用地招标情况而定,視乎用地招標情況而定,114.23680600000012,22.26693000000006
